id,smiles,tier,boltz_kd_jack_uM,boltz_pb_jack,boltz_kd_scc_uM,boltz_pb_scc,v1_gnina_kd_uM,muni_price_usd,muni_chem_risk,muni_supplier_risk,MW_Da,LogP,HBD,HBA,HA,rings,fused_rings,esol_logS,naar_max_tanimoto,forbidden_motifs,C1_onepot_100,C2_non_covalent,C3a_MW_le_600,C3b_LogP_le_6,C3c_HBD_le_6,C3d_HBA_le_12,C4a_HA_10_30,C4b_HBD_HBA_le_11,C4c_LogP_lt_5,C4d_lt_5_rings,C4e_le_2_fused,C5_no_PAINS,C5b_no_forbidden,C6_naar_tanimoto_lt_085,C7_soluble_logS_gt_neg5
FM002150_analog_0083,O=C(O)COCc1ccc(-c2ccsc2)cc1,T2_SILVER,3.2,0.301,3.256,0.2993,,,,,248.3,3.02,1,3,17,2,0,-4.43,0.559,-,тЬУ,тЬУ,тЬУ,тЬУ,тЬУ,тЬУ,тЬУ,тЬУ,тЬУ,тЬУ,тЬУ,тЬУ,тЬУ,тЬУ,тЬУ
FM001452_analog_0104,Cc1ccccc1COc1cccc(N)c1,T2_SILVER,3.722,0.409,4.973,0.4082,,125,low,medium,213.3,3.16,1,2,16,2,0,-4.43,0.6,-,тЬУ,тЬУ,тЬУ,тЬУ,тЬУ,тЬУ,тЬУ,тЬУ,тЬУ,тЬУ,тЬУ,тЬУ,тЬУ,тЬУ,тЬУ
FM002150_analog_0082,O=C(O)COCc1ccc(-c2ccoc2)cc1,T2_SILVER,4.736,0.387,4.662,0.3836,,250,medium,low,232.2,2.55,1,3,17,2,0,-4.03,0.543,-,тЬУ,тЬУ,тЬУ,тЬУ,тЬУ,тЬУ,тЬУ,тЬУ,тЬУ,тЬУ,тЬУ,тЬУ,тЬУ,тЬУ,тЬУ
FM001452_analog_0040,COc1cc(N)cc(OCc2ccccc2)c1,T2_SILVER,5.868,0.338,5.651,0.3178,,1000,low,high,229.3,2.86,1,3,17,2,0,-4.28,0.618,-,тЬУ,тЬУ,тЬУ,тЬУ,тЬУ,тЬУ,тЬУ,тЬУ,тЬУ,тЬУ,тЬУ,тЬУ,тЬУ,тЬУ,тЬУ
FM001452_analog_0009,CNC(=O)Nc1cccc(OCc2ccccc2)c1,T2_SILVER,6.245,0.322,7.723,0.295,,375,high,medium,256.3,3.02,2,2,19,2,0,-4.55,0.489,-,тЬУ,тЬУ,тЬУ,тЬУ,тЬУ,тЬУ,тЬУ,тЬУ,тЬУ,тЬУ,тЬУ,тЬУ,тЬУ,тЬУ,тЬУ
FM001452_analog_0008,CS(=O)(=O)Nc1cccc(OCc2ccccc2)c1,T2_SILVER,6.315,0.257,6.991,0.2486,,375,high,medium,277.3,2.64,1,3,19,2,0,-4.37,0.625,-,тЬУ,тЬУ,тЬУ,тЬУ,тЬУ,тЬУ,тЬУ,тЬУ,тЬУ,тЬУ,тЬУ,тЬУ,тЬУ,тЬУ,тЬУ
FM001452_analog_0005,CCC(=O)Nc1cccc(OCc2ccccc2)c1,T2_SILVER,6.762,0.326,8.079,0.3318,,250,medium,low,255.3,3.61,1,2,19,2,0,-4.85,0.49,-,тЬУ,тЬУ,тЬУ,тЬУ,тЬУ,тЬУ,тЬУ,тЬУ,тЬУ,тЬУ,тЬУ,тЬУ,тЬУ,тЬУ,тЬУ
FM001452_analog_0004,CC(=O)Nc1cccc(OCc2ccccc2)c1,T2_SILVER,7.0,0.273,6.994,0.2709,,250,medium,medium,241.3,3.22,1,2,18,2,0,-4.58,0.524,-,тЬУ,тЬУ,тЬУ,тЬУ,тЬУ,тЬУ,тЬУ,тЬУ,тЬУ,тЬУ,тЬУ,тЬУ,тЬУ,тЬУ,тЬУ
FM001452_analog_0020,Cc1ccc(OCc2ccccc2)cc1N,T2_SILVER,7.002,0.52,7.286,0.5133,,125,low,low,213.3,3.16,1,2,16,2,0,-4.43,0.697,-,тЬУ,тЬУ,тЬУ,тЬУ,тЬУ,тЬУ,тЬУ,тЬУ,тЬУ,тЬУ,тЬУ,тЬУ,тЬУ,тЬУ,тЬУ
FM002150_analog_0080,O=C(O)COCc1ccc(-c2ccncc2)cc1,T2_SILVER,7.635,0.368,7.529,0.3782,,250,medium,low,243.3,2.35,1,3,18,2,0,-3.98,0.594,-,тЬУ,тЬУ,тЬУ,тЬУ,тЬУ,тЬУ,тЬУ,тЬУ,тЬУ,тЬУ,тЬУ,тЬУ,тЬУ,тЬУ,тЬУ
FM001452_analog_0201,NC(=O)Nc1cccc(OCc2ccccc2)c1,T2_SILVER,8.157,0.358,8.761,0.3599,,375,high,medium,242.3,2.76,2,2,18,2,0,-4.29,0.538,-,тЬУ,тЬУ,тЬУ,тЬУ,тЬУ,тЬУ,тЬУ,тЬУ,тЬУ,тЬУ,тЬУ,тЬУ,тЬУ,тЬУ,тЬУ
FM002150_analog_0053,O=C(O)COCc1cccc(-c2ccncc2)c1,T2_SILVER,8.195,0.349,9.686,0.3501,,590,medium,medium,243.3,2.35,1,3,18,2,0,-3.98,0.556,-,тЬУ,тЬУ,тЬУ,тЬУ,тЬУ,тЬУ,тЬУ,тЬУ,тЬУ,тЬУ,тЬУ,тЬУ,тЬУ,тЬУ,тЬУ
FM002150_analog_0056,O=C(O)COCc1cccc(-c2ccsc2)c1,T2_SILVER,8.343,0.266,8.333,0.267,,885,high,medium,248.3,3.02,1,3,17,2,0,-4.43,0.541,-,тЬУ,тЬУ,тЬУ,тЬУ,тЬУ,тЬУ,тЬУ,тЬУ,тЬУ,тЬУ,тЬУ,тЬУ,тЬУ,тЬУ,тЬУ
FM001452_analog_0155,COc1ccc(COc2cccc(N)c2)cc1,T2_SILVER,8.472,0.504,8.447,0.5051,,125,low,low,229.3,2.86,1,3,17,2,0,-4.28,0.697,-,тЬУ,тЬУ,тЬУ,тЬУ,тЬУ,тЬУ,тЬУ,тЬУ,тЬУ,тЬУ,тЬУ,тЬУ,тЬУ,тЬУ,тЬУ
FM001452_analog_0162,Cc1ccc(COc2cccc(N)c2)cc1,T2_SILVER,9.513,0.516,8.771,0.5388,,125,low,medium,213.3,3.16,1,2,16,2,0,-4.43,0.719,-,тЬУ,тЬУ,тЬУ,тЬУ,тЬУ,тЬУ,тЬУ,тЬУ,тЬУ,тЬУ,тЬУ,тЬУ,тЬУ,тЬУ,тЬУ
FM001452_analog_0001,Nc1cccc(OCc2ccncc2)c1,T2_SILVER,9.296,0.459,9.906,0.4284,,295,low,medium,200.2,2.24,1,3,15,2,0,-3.78,0.719,-,тЬУ,тЬУ,тЬУ,тЬУ,тЬУ,тЬУ,тЬУ,тЬУ,тЬУ,тЬУ,тЬУ,тЬУ,тЬУ,тЬУ,тЬУ
FM001452_analog_0030,Nc1cc(OCc2ccccc2)ccc1-c1ccccn1,T3_BRONZE,5.974,0.449,5.862,0.4521,,540,low,low,276.3,3.91,1,3,21,3,0,-5.97,0.59,-,тЬУ,тЬУ,тЬУ,тЬУ,тЬУ,тЬУ,тЬУ,тЬУ,тЬУ,тЬУ,тЬУ,тЬУ,тЬУ,тЬУ,тЬЧ
opv1_000076,O=C(Nc1cccc(Br)c1)Nc1cccc(Br)c1,T3_BRONZE,,,,,6.32,375,high,low,370.0,4.86,2,1,18,2,0,-6.54,0.484,-,тЬУ,тЬУ,тЬУ,тЬУ,тЬУ,тЬУ,тЬУ,тЬУ,тЬУ,тЬУ,тЬУ,тЬУ,тЬУ,тЬУ,тЬЧ
FM001452_analog_0032,Nc1cc(OCc2ccccc2)ccc1-c1ccsc1,T3_BRONZE,6.343,0.443,6.475,0.4363,,590,medium,low,281.4,4.58,1,3,20,3,0,-6.42,0.575,-,тЬУ,тЬУ,тЬУ,тЬУ,тЬУ,тЬУ,тЬУ,тЬУ,тЬУ,тЬУ,тЬУ,тЬУ,тЬУ,тЬУ,тЬЧ
FM001452_analog_0029,Nc1cc(OCc2ccccc2)ccc1-c1ccncc1,T3_BRONZE,7.464,0.494,7.527,0.4941,,295,low,low,276.3,3.91,1,3,21,3,0,-5.97,0.59,-,тЬУ,тЬУ,тЬУ,тЬУ,тЬУ,тЬУ,тЬУ,тЬУ,тЬУ,тЬУ,тЬУ,тЬУ,тЬУ,тЬУ,тЬЧ
FM001452_analog_0059,Nc1cc(OCc2ccccc2)cc(-c2ccccn2)c1,T3_BRONZE,7.856,0.513,7.598,0.5075,,590,medium,low,276.3,3.91,1,3,21,3,0,-5.97,0.525,-,тЬУ,тЬУ,тЬУ,тЬУ,тЬУ,тЬУ,тЬУ,тЬУ,тЬУ,тЬУ,тЬУ,тЬУ,тЬУ,тЬУ,тЬЧ
FM001452_analog_0171,Nc1cccc(OCc2ccc(-c3ccncc3)cc2)c1,T3_BRONZE,8.318,0.458,8.171,0.458,,250,medium,medium,276.3,3.91,1,3,21,3,0,-5.97,0.639,-,тЬУ,тЬУ,тЬУ,тЬУ,тЬУ,тЬУ,тЬУ,тЬУ,тЬУ,тЬУ,тЬУ,тЬУ,тЬУ,тЬУ,тЬЧ
FM002150_analog_0027,O=C(O)COCc1ccccc1-c1ccsc1,T3_BRONZE,10.34,0.23,9.307,0.2218,,885,high,medium,248.3,3.02,1,3,17,2,0,-4.43,0.474,-,тЬУ,тЬУ,тЬУ,тЬУ,тЬУ,тЬУ,тЬУ,тЬУ,тЬУ,тЬУ,тЬУ,тЬУ,тЬУ,тЬУ,тЬУ
FM001452_analog_0015,Nc1cc(OCc2ccccc2)ccc1C(F)(F)F,T3_BRONZE,10.253,0.489,11.556,0.4782,,1000,low,high,267.2,3.87,1,2,19,2,0,-5.21,0.639,-,тЬУ,тЬУ,тЬУ,тЬУ,тЬУ,тЬУ,тЬУ,тЬУ,тЬУ,тЬУ,тЬУ,тЬУ,тЬУ,тЬУ,тЬЧ
FM001452_analog_0058,Nc1cc(OCc2ccccc2)cc(-c2ccncc2)c1,T3_BRONZE,10.596,0.467,11.252,0.4595,,125,low,low,276.3,3.91,1,3,21,3,0,-5.97,0.538,-,тЬУ,тЬУ,тЬУ,тЬУ,тЬУ,тЬУ,тЬУ,тЬУ,тЬУ,тЬУ,тЬУ,тЬУ,тЬУ,тЬУ,тЬЧ
opv1_000078,O=C(NCc1ccncc1)Nc1cccc(Br)c1,T3_BRONZE,,,,,10.84,375,high,low,306.2,3.17,2,2,18,2,0,-5.01,0.51,-,тЬУ,тЬУ,тЬУ,тЬУ,тЬУ,тЬУ,тЬУ,тЬУ,тЬУ,тЬУ,тЬУ,тЬУ,тЬУ,тЬУ,тЬЧ
FM001452_analog_0133,Cc1cccc(COc2cccc(N)c2)c1,T3_BRONZE,11.083,0.35,11.26,0.3446,,125,low,medium,213.3,3.16,1,2,16,2,0,-4.43,0.697,-,тЬУ,тЬУ,тЬУ,тЬУ,тЬУ,тЬУ,тЬУ,тЬУ,тЬУ,тЬУ,тЬУ,тЬУ,тЬУ,тЬУ,тЬУ
FM001452_analog_0079,N#Cc1ccc(N)cc1OCc1ccccc1,T3_BRONZE,11.209,0.505,11.145,0.5073,,295,low,low,224.3,2.72,1,3,17,2,0,-4.23,0.487,-,тЬУ,тЬУ,тЬУ,тЬУ,тЬУ,тЬУ,тЬУ,тЬУ,тЬУ,тЬУ,тЬУ,тЬУ,тЬУ,тЬУ,тЬУ
FM001452_analog_0200,O=C(Nc1cccc(OCc2ccccc2)c1)c1ccccc1,T3_BRONZE,11.243,0.401,11.553,0.4031,,125,low,medium,303.4,4.52,1,2,23,3,0,-6.46,0.537,-,тЬУ,тЬУ,тЬУ,тЬУ,тЬУ,тЬУ,тЬУ,тЬУ,тЬУ,тЬУ,тЬУ,тЬУ,тЬУ,тЬУ,тЬЧ
FM001452_analog_0031,Nc1cc(OCc2ccccc2)ccc1-c1ccoc1,T3_BRONZE,11.622,0.402,11.269,0.4026,,590,medium,low,265.3,4.11,1,3,20,3,0,-6.03,0.561,-,тЬУ,тЬУ,тЬУ,тЬУ,тЬУ,тЬУ,тЬУ,тЬУ,тЬУ,тЬУ,тЬУ,тЬУ,тЬУ,тЬУ,тЬЧ
FM001452_analog_0060,Nc1cc(OCc2ccccc2)cc(-c2ccoc2)c1,T3_BRONZE,11.441,0.469,11.475,0.4695,,125,low,low,265.3,4.11,1,3,20,3,0,-6.03,0.512,-,тЬУ,тЬУ,тЬУ,тЬУ,тЬУ,тЬУ,тЬУ,тЬУ,тЬУ,тЬУ,тЬУ,тЬУ,тЬУ,тЬУ,тЬЧ
FM002150_analog_0055,O=C(O)COCc1cccc(-c2ccoc2)c1,T3_BRONZE,11.705,0.337,11.487,0.3676,,590,medium,medium,232.2,2.55,1,3,17,2,0,-4.03,0.526,-,тЬУ,тЬУ,тЬУ,тЬУ,тЬУ,тЬУ,тЬУ,тЬУ,тЬУ,тЬУ,тЬУ,тЬУ,тЬУ,тЬУ,тЬУ
FM001452_analog_0189,Cc1c(N)cccc1OCc1ccccc1,T3_BRONZE,11.669,0.61,12.155,0.6106,,125,low,low,213.3,3.16,1,2,16,2,0,-4.43,0.629,-,тЬУ,тЬУ,тЬУ,тЬУ,тЬУ,тЬУ,тЬУ,тЬУ,тЬУ,тЬУ,тЬУ,тЬУ,тЬУ,тЬУ,тЬУ
FM001452_analog_0172,Nc1cccc(OCc2ccc(-c3ccccn3)cc2)c1,T3_BRONZE,11.889,0.528,11.683,0.5259,,590,medium,medium,276.3,3.91,1,3,21,3,0,-5.97,0.632,-,тЬУ,тЬУ,тЬУ,тЬУ,тЬУ,тЬУ,тЬУ,тЬУ,тЬУ,тЬУ,тЬУ,тЬУ,тЬУ,тЬУ,тЬЧ
FM001452_analog_0190,Nc1cccc(OCc2ccccc2)c1N,T3_BRONZE,11.859,0.604,12.026,0.6037,,125,low,low,214.3,2.43,2,3,16,2,0,-3.98,0.528,-,тЬУ,тЬУ,тЬУ,тЬУ,тЬУ,тЬУ,тЬУ,тЬУ,тЬУ,тЬУ,тЬУ,тЬУ,тЬУ,тЬУ,тЬУ
FM001452_analog_0006,CNc1cccc(OCc2ccccc2)c1,T3_BRONZE,12.215,0.439,12.024,0.444,,540,low,low,213.3,3.31,1,2,16,2,0,-4.46,0.571,-,тЬУ,тЬУ,тЬУ,тЬУ,тЬУ,тЬУ,тЬУ,тЬУ,тЬУ,тЬУ,тЬУ,тЬУ,тЬУ,тЬУ,тЬУ
FM002150_analog_0054,O=C(O)COCc1cccc(-c2ccccn2)c1,T3_BRONZE,13.376,0.332,12.253,0.3386,,590,medium,medium,243.3,2.35,1,3,18,2,0,-3.98,0.568,-,тЬУ,тЬУ,тЬУ,тЬУ,тЬУ,тЬУ,тЬУ,тЬУ,тЬУ,тЬУ,тЬУ,тЬУ,тЬУ,тЬУ,тЬУ
FM002150_analog_0081,O=C(O)COCc1ccc(-c2ccccn2)cc1,T3_BRONZE,15.197,0.362,12.455,0.3438,,590,medium,low,243.3,2.35,1,3,18,2,0,-3.98,0.618,-,тЬУ,тЬУ,тЬУ,тЬУ,тЬУ,тЬУ,тЬУ,тЬУ,тЬУ,тЬУ,тЬУ,тЬУ,тЬУ,тЬУ,тЬУ
FM002150_analog_0073,N#Cc1ccc(COCC(=O)O)cc1,T3_BRONZE,13.678,0.265,12.611,0.2654,,540,low,medium,191.2,1.16,1,3,14,1,0,-2.23,0.613,-,тЬУ,тЬУ,тЬУ,тЬУ,тЬУ,тЬУ,тЬУ,тЬУ,тЬУ,тЬУ,тЬУ,тЬУ,тЬУ,тЬУ,тЬУ
FM001452_analog_0069,COc1ccc(N)cc1OCc1ccccc1,T3_BRONZE,13.036,0.46,12.706,0.4549,,295,low,medium,229.3,2.86,1,3,17,2,0,-4.28,0.514,-,тЬУ,тЬУ,тЬУ,тЬУ,тЬУ,тЬУ,тЬУ,тЬУ,тЬУ,тЬУ,тЬУ,тЬУ,тЬУ,тЬУ,тЬУ
FM001452_analog_0002,Nc1cccc(OCc2cccnc2)c1,T3_BRONZE,13.075,0.333,12.812,0.3339,,295,low,medium,200.2,2.24,1,3,15,2,0,-3.78,0.676,-,тЬУ,тЬУ,тЬУ,тЬУ,тЬУ,тЬУ,тЬУ,тЬУ,тЬУ,тЬУ,тЬУ,тЬУ,тЬУ,тЬУ,тЬУ
FM001452_analog_0087,Nc1ccc(-c2ccccn2)c(OCc2ccccc2)c1,T3_BRONZE,13.348,0.385,14.518,0.3835,,590,medium,low,276.3,3.91,1,3,21,3,0,-5.97,0.452,-,тЬУ,тЬУ,тЬУ,тЬУ,тЬУ,тЬУ,тЬУ,тЬУ,тЬУ,тЬУ,тЬУ,тЬУ,тЬУ,тЬУ,тЬЧ
FM002150_analog_0062,O=C(O)COCc1ccc(Cl)cc1,T3_BRONZE,13.492,0.203,13.373,0.2032,,540,low,medium,200.6,1.94,1,2,13,1,0,-2.78,0.679,-,тЬУ,тЬУ,тЬУ,тЬУ,тЬУ,тЬУ,тЬУ,тЬУ,тЬУ,тЬУ,тЬУ,тЬУ,тЬУ,тЬУ,тЬУ
FM002150_analog_0026,O=C(O)COCc1ccccc1-c1ccoc1,T3_BRONZE,14.631,0.272,14.61,0.2719,,885,high,medium,232.2,2.55,1,3,17,2,0,-4.03,0.462,-,тЬУ,тЬУ,тЬУ,тЬУ,тЬУ,тЬУ,тЬУ,тЬУ,тЬУ,тЬУ,тЬУ,тЬУ,тЬУ,тЬУ,тЬУ
FM001580_analog_0087,O=C(O)c1ccc(-c2ccsc2)cc1OC(F)(F)F,T3_BRONZE,15.922,0.515,15.873,0.5128,,125,low,low,288.2,4.01,1,3,19,2,0,-5.44,0.675,-,тЬУ,тЬУ,тЬУ,тЬУ,тЬУ,тЬУ,тЬУ,тЬУ,тЬУ,тЬУ,тЬУ,тЬУ,тЬУ,тЬУ,тЬЧ
FM001452_analog_0076,Cc1ccc(N)cc1OCc1ccccc1,T3_BRONZE,16.651,0.441,17.089,0.4645,,125,low,low,213.3,3.16,1,2,16,2,0,-4.43,0.611,-,тЬУ,тЬУ,тЬУ,тЬУ,тЬУ,тЬУ,тЬУ,тЬУ,тЬУ,тЬУ,тЬУ,тЬУ,тЬУ,тЬУ,тЬУ
FM001580_analog_0059,O=C(O)c1cc(-c2ccsc2)ccc1OC(F)(F)F,T3_BRONZE,16.722,0.416,17.057,0.4055,,125,low,low,288.2,4.01,1,3,19,2,0,-5.44,0.628,-,тЬУ,тЬУ,тЬУ,тЬУ,тЬУ,тЬУ,тЬУ,тЬУ,тЬУ,тЬУ,тЬУ,тЬУ,тЬУ,тЬУ,тЬЧ
FM002150_analog_0006,COc1ccccc1COCC(=O)O,T3_BRONZE,16.814,0.329,16.793,0.3296,,125,low,low,196.2,1.3,1,3,14,1,0,-2.28,0.545,-,тЬУ,тЬУ,тЬУ,тЬУ,тЬУ,тЬУ,тЬУ,тЬУ,тЬУ,тЬУ,тЬУ,тЬУ,тЬУ,тЬУ,тЬУ
FM001580_analog_0003,NS(=O)(=O)c1ccccc1OC(F)(F)F,T3_BRONZE,17.301,0.196,17.244,0.1965,,125,low,low,241.2,1.23,1,3,15,1,0,-2.72,0.5,-,тЬУ,тЬУ,тЬУ,тЬУ,тЬУ,тЬУ,тЬУ,тЬУ,тЬУ,тЬУ,тЬУ,тЬУ,тЬУ,тЬУ,тЬУ
FM001452_analog_0010,Nc1cc(OCc2ccccc2)ccc1F,T3_BRONZE,18.335,0.53,17.501,0.5275,,125,low,low,217.2,2.99,1,2,16,2,0,-4.35,0.697,-,тЬУ,тЬУ,тЬУ,тЬУ,тЬУ,тЬУ,тЬУ,тЬУ,тЬУ,тЬУ,тЬУ,тЬУ,тЬУ,тЬУ,тЬУ
FM001580_analog_0086,O=C(O)c1ccc(-c2ccoc2)cc1OC(F)(F)F,T3_BRONZE,17.623,0.441,18.749,0.4485,,125,low,low,272.2,3.54,1,3,19,2,0,-5.04,0.675,-,тЬУ,тЬУ,тЬУ,тЬУ,тЬУ,тЬУ,тЬУ,тЬУ,тЬУ,тЬУ,тЬУ,тЬУ,тЬУ,тЬУ,тЬЧ
opv1_000002,O=C(Nc1cccc(Br)c1)c1ccc(Cl)cc1,T3_BRONZE,,,,,18.71,375,high,low,310.6,4.35,1,1,17,2,0,-5.86,0.475,-,тЬУ,тЬУ,тЬУ,тЬУ,тЬУ,тЬУ,тЬУ,тЬУ,тЬУ,тЬУ,тЬУ,тЬУ,тЬУ,тЬУ,тЬЧ
FM001452_analog_0086,Nc1ccc(-c2ccncc2)c(OCc2ccccc2)c1,T3_BRONZE,19.513,0.427,19.118,0.4288,,250,medium,low,276.3,3.91,1,3,21,3,0,-5.97,0.452,-,тЬУ,тЬУ,тЬУ,тЬУ,тЬУ,тЬУ,тЬУ,тЬУ,тЬУ,тЬУ,тЬУ,тЬУ,тЬУ,тЬУ,тЬЧ
FM001452_analog_0042,Nc1cc(OCc2ccccc2)cc(C(F)(F)F)c1,T3_BRONZE,19.259,0.517,19.339,0.5192,,1000,low,medium,267.2,3.87,1,2,19,2,0,-5.21,0.568,-,тЬУ,тЬУ,тЬУ,тЬУ,тЬУ,тЬУ,тЬУ,тЬУ,тЬУ,тЬУ,тЬУ,тЬУ,тЬУ,тЬУ,тЬЧ
FM002150_analog_0064,COc1ccc(COCC(=O)O)cc1,T3_BRONZE,22.231,0.282,19.331,0.2718,,125,low,low,196.2,1.3,1,3,14,1,0,-2.28,0.633,-,тЬУ,тЬУ,тЬУ,тЬУ,тЬУ,тЬУ,тЬУ,тЬУ,тЬУ,тЬУ,тЬУ,тЬУ,тЬУ,тЬУ,тЬУ
FM002150_analog_0024,O=C(O)COCc1ccccc1-c1ccncc1,T3_BRONZE,25.919,0.357,21.149,0.3818,,885,high,medium,243.3,2.35,1,3,18,2,0,-3.98,0.486,-,тЬУ,тЬУ,тЬУ,тЬУ,тЬУ,тЬУ,тЬУ,тЬУ,тЬУ,тЬУ,тЬУ,тЬУ,тЬУ,тЬУ,тЬУ
FM001580_analog_0066,O=C(O)c1ccc(C(=O)O)c(OC(F)(F)F)c1,T3_BRONZE,21.365,0.282,21.653,0.2825,,125,low,low,250.1,1.98,2,3,17,1,0,-3.18,0.758,-,тЬУ,тЬУ,тЬУ,тЬУ,тЬУ,тЬУ,тЬУ,тЬУ,тЬУ,тЬУ,тЬУ,тЬУ,тЬУ,тЬУ,тЬУ
FM001452_analog_0123,Nc1cccc(OCc2cccc(F)c2)c1,T3_BRONZE,22.81,0.324,22.031,0.3148,,125,low,medium,217.2,2.99,1,2,16,2,0,-4.35,0.697,-,тЬУ,тЬУ,тЬУ,тЬУ,тЬУ,тЬУ,тЬУ,тЬУ,тЬУ,тЬУ,тЬУ,тЬУ,тЬУ,тЬУ,тЬУ
FM002150_analog_0042,Cc1cccc(COCC(=O)O)c1,T3_BRONZE,26.305,0.233,22.149,0.2509,,540,low,medium,180.2,1.6,1,2,13,1,0,-2.44,0.645,-,тЬУ,тЬУ,тЬУ,тЬУ,тЬУ,тЬУ,тЬУ,тЬУ,тЬУ,тЬУ,тЬУ,тЬУ,тЬУ,тЬУ,тЬУ
FM002150_analog_0066,O=C(O)COCc1ccc(C(F)(F)F)cc1,T3_BRONZE,24.386,0.19,22.368,0.1935,,295,low,medium,234.2,2.31,1,2,16,1,0,-3.22,0.613,-,тЬУ,тЬУ,тЬУ,тЬУ,тЬУ,тЬУ,тЬУ,тЬУ,тЬУ,тЬУ,тЬУ,тЬУ,тЬУ,тЬУ,тЬУ
FM002150_analog_0052,CN(C)c1cccc(COCC(=O)O)c1,T3_BRONZE,22.598,0.269,22.866,0.2671,,1620,high,high,209.2,1.35,1,3,15,1,0,-2.4,0.588,-,тЬУ,тЬУ,тЬУ,тЬУ,тЬУ,тЬУ,тЬУ,тЬУ,тЬУ,тЬУ,тЬУ,тЬУ,тЬУ,тЬУ,тЬУ
FM001580_analog_0116,O=C(O)c1cccc(-c2ccsc2)c1OC(F)(F)F,T3_BRONZE,22.646,0.362,24.706,0.321,,1080,medium,medium,288.2,4.01,1,3,19,2,0,-5.44,0.449,-,тЬУ,тЬУ,тЬУ,тЬУ,тЬУ,тЬУ,тЬУ,тЬУ,тЬУ,тЬУ,тЬУ,тЬУ,тЬУ,тЬУ,тЬЧ
FM001452_analog_0061,Nc1cc(OCc2ccccc2)cc(-c2ccsc2)c1,T3_BRONZE,22.701,0.454,23.168,0.4582,,1000,low,high,281.4,4.58,1,3,20,3,0,-6.42,0.525,-,тЬУ,тЬУ,тЬУ,тЬУ,тЬУ,тЬУ,тЬУ,тЬУ,тЬУ,тЬУ,тЬУ,тЬУ,тЬУ,тЬУ,тЬЧ
FM001452_analog_0174,Nc1cccc(OCc2ccc(-c3ccsc3)cc2)c1,T3_BRONZE,23.322,0.615,23.036,0.6135,,250,medium,medium,281.4,4.58,1,3,20,3,0,-6.42,0.605,-,тЬУ,тЬУ,тЬУ,тЬУ,тЬУ,тЬУ,тЬУ,тЬУ,тЬУ,тЬУ,тЬУ,тЬУ,тЬУ,тЬУ,тЬЧ
FM002150_analog_0033,O=C(O)COCc1cccc(Cl)c1,T3_BRONZE,23.767,0.188,23.417,0.1894,,295,low,medium,200.6,1.94,1,2,13,1,0,-2.78,0.645,-,тЬУ,тЬУ,тЬУ,тЬУ,тЬУ,тЬУ,тЬУ,тЬУ,тЬУ,тЬУ,тЬУ,тЬУ,тЬУ,тЬУ,тЬУ
FM001580_analog_0058,O=C(O)c1cc(-c2ccoc2)ccc1OC(F)(F)F,T3_BRONZE,24.172,0.408,23.459,0.4034,,125,low,low,272.2,3.54,1,3,19,2,0,-5.04,0.628,-,тЬУ,тЬУ,тЬУ,тЬУ,тЬУ,тЬУ,тЬУ,тЬУ,тЬУ,тЬУ,тЬУ,тЬУ,тЬУ,тЬУ,тЬЧ
opv1_000075,O=C(Nc1ccccc1)Nc1cccc(Br)c1,T3_BRONZE,,,,,24.04,375,high,low,291.1,4.09,2,1,17,2,0,-5.57,0.581,-,тЬУ,тЬУ,тЬУ,тЬУ,тЬУ,тЬУ,тЬУ,тЬУ,тЬУ,тЬУ,тЬУ,тЬУ,тЬУ,тЬУ,тЬЧ
opv1_000009,O=C(Nc1cccc(Br)c1)C1Cc2ccccc2O1,T3_BRONZE,,,,,25.23,,,,318.2,3.39,1,2,19,3,1,-5.3,0.466,-,тЬУ,тЬУ,тЬУ,тЬУ,тЬУ,тЬУ,тЬУ,тЬУ,тЬУ,тЬУ,тЬУ,тЬУ,тЬУ,тЬУ,тЬЧ
FM001580_analog_0031,O=C(O)c1c(OC(F)(F)F)cccc1-c1ccsc1,T3_BRONZE,26.365,0.326,26.687,0.3184,,250,medium,low,288.2,4.01,1,3,19,2,0,-5.44,0.444,-,тЬУ,тЬУ,тЬУ,тЬУ,тЬУ,тЬУ,тЬУ,тЬУ,тЬУ,тЬУ,тЬУ,тЬУ,тЬУ,тЬУ,тЬЧ
FM001452_analog_0066,Nc1ccc(F)c(OCc2ccccc2)c1,T3_BRONZE,26.889,0.439,27.159,0.4352,,125,low,low,217.2,2.99,1,2,16,2,0,-4.35,0.528,-,тЬУ,тЬУ,тЬУ,тЬУ,тЬУ,тЬУ,тЬУ,тЬУ,тЬУ,тЬУ,тЬУ,тЬУ,тЬУ,тЬУ,тЬУ
FM001452_analog_0173,Nc1cccc(OCc2ccc(-c3ccoc3)cc2)c1,T3_BRONZE,28.319,0.482,32.647,0.4733,,250,medium,medium,265.3,4.11,1,3,20,3,0,-6.03,0.59,-,тЬУ,тЬУ,тЬУ,тЬУ,тЬУ,тЬУ,тЬУ,тЬУ,тЬУ,тЬУ,тЬУ,тЬУ,тЬУ,тЬУ,тЬЧ
FM002150_analog_0023,CN(C)c1ccccc1COCC(=O)O,T3_BRONZE,29.359,0.255,29.889,0.255,,1620,high,high,209.2,1.35,1,3,15,1,0,-2.4,0.529,-,тЬУ,тЬУ,тЬУ,тЬУ,тЬУ,тЬУ,тЬУ,тЬУ,тЬУ,тЬУ,тЬУ,тЬУ,тЬУ,тЬУ,тЬУ
FM001452_analog_0088,Nc1ccc(-c2ccoc2)c(OCc2ccccc2)c1,T3_BRONZE,29.836,0.565,30.694,0.5726,,250,medium,low,265.3,4.11,1,3,20,3,0,-6.03,0.432,-,тЬУ,тЬУ,тЬУ,тЬУ,тЬУ,тЬУ,тЬУ,тЬУ,тЬУ,тЬУ,тЬУ,тЬУ,тЬУ,тЬУ,тЬЧ
opv1_000077,O=C(Nc1cccc(Br)c1)NC1CC1,T3_BRONZE,,,,,30.62,375,high,low,255.1,2.73,2,1,14,2,0,-3.75,0.412,-,тЬУ,тЬУ,тЬУ,тЬУ,тЬУ,тЬУ,тЬУ,тЬУ,тЬУ,тЬУ,тЬУ,тЬУ,тЬУ,тЬУ,тЬУ
FM001452_analog_0038,Nc1cc(Cl)cc(OCc2ccccc2)c1,T3_BRONZE,30.713,0.501,33.333,0.5081,,125,low,low,233.7,3.5,1,2,16,2,0,-4.78,0.618,-,тЬУ,тЬУ,тЬУ,тЬУ,тЬУ,тЬУ,тЬУ,тЬУ,тЬУ,тЬУ,тЬУ,тЬУ,тЬУ,тЬУ,тЬУ
FM002150_analog_0003,O=C(O)COCc1ccccc1F,T3_BRONZE,31.009,0.197,31.882,0.1857,,540,low,low,184.2,1.43,1,2,13,1,0,-2.36,0.581,-,тЬУ,тЬУ,тЬУ,тЬУ,тЬУ,тЬУ,тЬУ,тЬУ,тЬУ,тЬУ,тЬУ,тЬУ,тЬУ,тЬУ,тЬУ
FM001452_analog_0153,Nc1cccc(OCc2ccc(Cl)cc2)c1,T3_BRONZE,31.771,0.474,31.197,0.4806,,125,low,medium,233.7,3.5,1,2,16,2,0,-4.78,0.719,-,тЬУ,тЬУ,тЬУ,тЬУ,тЬУ,тЬУ,тЬУ,тЬУ,тЬУ,тЬУ,тЬУ,тЬУ,тЬУ,тЬУ,тЬУ
FM001580_analog_0115,O=C(O)c1cccc(-c2ccoc2)c1OC(F)(F)F,T3_BRONZE,31.292,0.396,31.24,0.387,,250,medium,low,272.2,3.54,1,3,19,2,0,-5.04,0.449,-,тЬУ,тЬУ,тЬУ,тЬУ,тЬУ,тЬУ,тЬУ,тЬУ,тЬУ,тЬУ,тЬУ,тЬУ,тЬУ,тЬУ,тЬЧ
FM001452_analog_0037,Nc1cc(F)cc(OCc2ccccc2)c1,T3_BRONZE,39.088,0.454,33.355,0.4884,,125,low,low,217.2,2.99,1,2,16,2,0,-4.35,0.618,-,тЬУ,тЬУ,тЬУ,тЬУ,тЬУ,тЬУ,тЬУ,тЬУ,тЬУ,тЬУ,тЬУ,тЬУ,тЬУ,тЬУ,тЬУ
FM001580_analog_0084,CN(C)c1ccc(C(=O)O)c(OC(F)(F)F)c1,T3_BRONZE,33.442,0.35,45.4,0.3335,,375,high,medium,249.2,2.35,1,3,17,1,0,-3.41,0.6,-,тЬУ,тЬУ,тЬУ,тЬУ,тЬУ,тЬУ,тЬУ,тЬУ,тЬУ,тЬУ,тЬУ,тЬУ,тЬУ,тЬУ,тЬУ
FM002150_analog_0035,COc1cccc(COCC(=O)O)c1,T3_BRONZE,34.187,0.325,33.507,0.3163,,295,low,medium,196.2,1.3,1,3,14,1,0,-2.28,0.606,-,тЬУ,тЬУ,тЬУ,тЬУ,тЬУ,тЬУ,тЬУ,тЬУ,тЬУ,тЬУ,тЬУ,тЬУ,тЬУ,тЬУ,тЬУ
FM002150_analog_0071,Cc1ccc(COCC(=O)O)cc1,T3_BRONZE,35.272,0.245,34.491,0.2447,,540,low,medium,180.2,1.6,1,2,13,1,0,-2.44,0.679,-,тЬУ,тЬУ,тЬУ,тЬУ,тЬУ,тЬУ,тЬУ,тЬУ,тЬУ,тЬУ,тЬУ,тЬУ,тЬУ,тЬУ,тЬУ
FM001452_analog_0152,Nc1cccc(OCc2ccc(F)cc2)c1,T3_BRONZE,34.907,0.413,36.87,0.4197,,125,low,medium,217.2,2.99,1,2,16,2,0,-4.35,0.719,-,тЬУ,тЬУ,тЬУ,тЬУ,тЬУ,тЬУ,тЬУ,тЬУ,тЬУ,тЬУ,тЬУ,тЬУ,тЬУ,тЬУ,тЬУ
FM001452_analog_0067,Nc1ccc(Cl)c(OCc2ccccc2)c1,T3_BRONZE,35.387,0.496,35.336,0.4969,,125,low,low,233.7,3.5,1,2,16,2,0,-4.78,0.528,-,тЬУ,тЬУ,тЬУ,тЬУ,тЬУ,тЬУ,тЬУ,тЬУ,тЬУ,тЬУ,тЬУ,тЬУ,тЬУ,тЬУ,тЬУ
FM002150_analog_0025,O=C(O)COCc1ccccc1-c1ccccn1,T3_BRONZE,35.517,0.281,46.113,0.2802,,1620,high,medium,243.3,2.35,1,3,18,2,0,-3.98,0.486,-,тЬУ,тЬУ,тЬУ,тЬУ,тЬУ,тЬУ,тЬУ,тЬУ,тЬУ,тЬУ,тЬУ,тЬУ,тЬУ,тЬУ,тЬУ
FM001580_analog_0065,O=C(O)c1ccc(Cl)cc1OC(F)(F)F,T3_BRONZE,39.302,0.189,39.237,0.1886,,125,low,low,240.6,2.94,1,2,15,1,0,-3.79,0.622,-,тЬУ,тЬУ,тЬУ,тЬУ,тЬУ,тЬУ,тЬУ,тЬУ,тЬУ,тЬУ,тЬУ,тЬУ,тЬУ,тЬУ,тЬУ
FM001580_analog_0002,NC(=O)c1ccccc1OC(F)(F)F,T3_BRONZE,42.384,0.246,39.424,0.2711,,125,low,low,205.1,1.68,1,2,14,1,0,-2.78,0.7,-,тЬУ,тЬУ,тЬУ,тЬУ,тЬУ,тЬУ,тЬУ,тЬУ,тЬУ,тЬУ,тЬУ,тЬУ,тЬУ,тЬУ,тЬУ
FM001452_analog_0007,CN(C)c1cccc(OCc2ccccc2)c1,T3_BRONZE,39.974,0.446,41.488,0.4377,,125,low,medium,227.3,3.33,0,2,17,2,0,-4.56,0.571,-,тЬУ,тЬУ,тЬУ,тЬУ,тЬУ,тЬУ,тЬУ,тЬУ,тЬУ,тЬУ,тЬУ,тЬУ,тЬУ,тЬУ,тЬУ
FM001452_analog_0199,Nc1cccc(OCc2ccccc2)c1-c1ccccn1,T3_BRONZE,40.962,0.472,40.726,0.4699,,2000,medium,high,276.3,3.91,1,3,21,3,0,-5.97,0.409,-,тЬУ,тЬУ,тЬУ,тЬУ,тЬУ,тЬУ,тЬУ,тЬУ,тЬУ,тЬУ,тЬУ,тЬУ,тЬУ,тЬУ,тЬЧ
FM001452_analog_0089,Nc1ccc(-c2ccsc2)c(OCc2ccccc2)c1,T3_BRONZE,41.814,0.484,42.353,0.4829,,250,medium,low,281.4,4.58,1,3,20,3,0,-6.42,0.442,-,тЬУ,тЬУ,тЬУ,тЬУ,тЬУ,тЬУ,тЬУ,тЬУ,тЬУ,тЬУ,тЬУ,тЬУ,тЬУ,тЬУ,тЬЧ
FM002150_analog_0004,O=C(O)COCc1ccccc1Cl,T3_BRONZE,44.611,0.159,45.02,0.1589,,295,low,medium,200.6,1.94,1,2,13,1,0,-2.78,0.581,-,тЬУ,тЬУ,тЬУ,тЬУ,тЬУ,тЬУ,тЬУ,тЬУ,тЬУ,тЬУ,тЬУ,тЬУ,тЬУ,тЬУ,тЬУ
FM001580_analog_0056,O=C(O)c1cc(-c2ccncc2)ccc1OC(F)(F)F,T3_BRONZE,45.105,0.39,47.404,0.3902,,125,low,low,283.2,3.35,1,3,20,2,0,-4.99,0.789,-,тЬУ,тЬУ,тЬУ,тЬУ,тЬУ,тЬУ,тЬУ,тЬУ,тЬУ,тЬУ,тЬУ,тЬУ,тЬУ,тЬУ,тЬУ
FM002150_analog_0013,Cc1ccccc1COCC(=O)O,T3_BRONZE,45.882,0.213,45.517,0.2143,,295,low,medium,180.2,1.6,1,2,13,1,0,-2.44,0.581,-,тЬУ,тЬУ,тЬУ,тЬУ,тЬУ,тЬУ,тЬУ,тЬУ,тЬУ,тЬУ,тЬУ,тЬУ,тЬУ,тЬУ,тЬУ
FM001580_analog_0085,O=C(O)c1ccc(-c2ccccn2)cc1OC(F)(F)F,T3_BRONZE,45.764,0.32,55.624,0.3159,,125,low,low,283.2,3.35,1,3,20,2,0,-4.99,0.683,-,тЬУ,тЬУ,тЬУ,тЬУ,тЬУ,тЬУ,тЬУ,тЬУ,тЬУ,тЬУ,тЬУ,тЬУ,тЬУ,тЬУ,тЬУ
FM001580_analog_0005,O=C(O)c1ccccc1C(F)(F)F,T3_BRONZE,46.22,0.178,50.376,0.1773,,125,low,low,190.1,2.4,1,1,13,1,0,-3.21,0.516,-,тЬУ,тЬУ,тЬУ,тЬУ,тЬУ,тЬУ,тЬУ,тЬУ,тЬУ,тЬУ,тЬУ,тЬУ,тЬУ,тЬУ,тЬУ
FM001580_analog_0006,CCOc1ccccc1C(=O)O,T3_BRONZE,49.975,0.205,46.547,0.2049,,125,low,low,166.2,1.78,1,2,12,1,0,-2.54,0.548,-,тЬУ,тЬУ,тЬУ,тЬУ,тЬУ,тЬУ,тЬУ,тЬУ,тЬУ,тЬУ,тЬУ,тЬУ,тЬУ,тЬУ,тЬУ
FM001580_analog_0057,O=C(O)c1cc(-c2ccccn2)ccc1OC(F)(F)F,T3_BRONZE,46.857,0.443,51.021,0.4325,,125,low,low,283.2,3.35,1,3,20,2,0,-4.99,0.674,-,тЬУ,тЬУ,тЬУ,тЬУ,тЬУ,тЬУ,тЬУ,тЬУ,тЬУ,тЬУ,тЬУ,тЬУ,тЬУ,тЬУ,тЬУ
FM001580_analog_0030,O=C(O)c1c(OC(F)(F)F)cccc1-c1ccoc1,T3_BRONZE,49.181,0.333,47.687,0.3236,,250,medium,low,272.2,3.54,1,3,19,2,0,-5.04,0.449,-,тЬУ,тЬУ,тЬУ,тЬУ,тЬУ,тЬУ,тЬУ,тЬУ,тЬУ,тЬУ,тЬУ,тЬУ,тЬУ,тЬУ,тЬЧ
FM001580_analog_0064,O=C(O)c1ccc(F)cc1OC(F)(F)F,T3_BRONZE,49.98,0.178,48.446,0.1778,,125,low,low,224.1,2.42,1,2,15,1,0,-3.36,0.656,-,тЬУ,тЬУ,тЬУ,тЬУ,тЬУ,тЬУ,тЬУ,тЬУ,тЬУ,тЬУ,тЬУ,тЬУ,тЬУ,тЬУ,тЬУ
opv1_000031,Nc1cccc(-c2cccc(C(F)(F)F)c2)c1,T3_BRONZE,,,,,65.46,125,low,low,237.2,3.95,1,1,17,2,0,-5.22,0.484,-,тЬУ,тЬУ,тЬУ,тЬУ,тЬУ,тЬУ,тЬУ,тЬУ,тЬУ,тЬУ,тЬУ,тЬУ,тЬУ,тЬУ,тЬЧ
opv1_000057,FC(F)(F)c1cccc(Nc2ccccc2)c1,T3_BRONZE,,,,,87.3,125,low,low,237.2,4.45,1,1,17,2,0,-5.46,0.321,-,тЬУ,тЬУ,тЬУ,тЬУ,тЬУ,тЬУ,тЬУ,тЬУ,тЬУ,тЬУ,тЬУ,тЬУ,тЬУ,тЬУ,тЬЧ
opv1_000032,Fc1ccc(-c2cccc(C(F)(F)F)c2)cc1,T3_BRONZE,,,,,87.9,1000,low,high,240.2,4.51,0,0,17,2,0,-5.59,0.316,-,тЬУ,тЬУ,тЬУ,тЬУ,тЬУ,тЬУ,тЬУ,тЬУ,тЬУ,тЬУ,тЬУ,тЬУ,тЬУ,тЬУ,тЬЧ
opv1_000060,FC(F)(F)c1cccc(NCc2ccncc2)c1,T3_BRONZE,,,,,88.72,250,medium,low,252.2,3.71,1,2,18,2,0,-5.02,0.391,-,тЬУ,тЬУ,тЬУ,тЬУ,тЬУ,тЬУ,тЬУ,тЬУ,тЬУ,тЬУ,тЬУ,тЬУ,тЬУ,тЬУ,тЬЧ
opv1_000023,Nc1cccc(-c2cccc(N)c2)c1,T3_BRONZE,,,,,126.77,125,low,low,184.2,2.52,2,2,14,2,0,-3.98,0.682,-,тЬУ,тЬУ,тЬУ,тЬУ,тЬУ,тЬУ,тЬУ,тЬУ,тЬУ,тЬУ,тЬУ,тЬУ,тЬУ,тЬУ,тЬУ
opv1_000030,FC(F)(F)c1cccc(-c2ccccc2)c1,T3_BRONZE,,,,,127.64,125,low,low,222.2,4.37,0,0,16,2,0,-5.39,0.368,-,тЬУ,тЬУ,тЬУ,тЬУ,тЬУ,тЬУ,тЬУ,тЬУ,тЬУ,тЬУ,тЬУ,тЬУ,тЬУ,тЬУ,тЬЧ
Z795991852_analog_0075,Cn1c(=O)c2ccccc2n2c(CNCC3Cc4ccccc4O3)nnc12,T4_RELAXED,5.676,0.406,5.756,0.4095,,590,medium,medium,361.4,1.67,1,7,27,5,3,-5.83,0.532,-,тЬУ,тЬУ,тЬУ,тЬУ,тЬУ,тЬУ,тЬУ,тЬУ,тЬУ,тЬЧ,тЬЧ,тЬУ,тЬУ,тЬУ,тЬЧ
FM001580_analog_0047,Nc1ccc(OC(F)(F)F)c(C(=O)O)c1,T4_RELAXED,53.278,0.355,50.092,0.3544,,125,low,low,221.1,1.87,2,3,15,1,0,-2.99,0.632,-,тЬУ,тЬУ,тЬУ,тЬУ,тЬУ,тЬУ,тЬУ,тЬУ,тЬУ,тЬУ,тЬУ,тЬУ,тЬУ,тЬУ,тЬУ
FM001580_analog_0007,O=C(O)c1c(F)cccc1OC(F)(F)F,T4_RELAXED,51.987,0.194,51.95,0.1938,,125,low,low,224.1,2.42,1,2,15,1,0,-3.36,0.559,-,тЬУ,тЬУ,тЬУ,тЬУ,тЬУ,тЬУ,тЬУ,тЬУ,тЬУ,тЬУ,тЬУ,тЬУ,тЬУ,тЬУ,тЬУ
FM001580_analog_0028,O=C(O)c1c(OC(F)(F)F)cccc1-c1ccncc1,T4_RELAXED,52.136,0.469,52.923,0.4651,,250,medium,low,283.2,3.35,1,3,20,2,0,-4.99,0.533,-,тЬУ,тЬУ,тЬУ,тЬУ,тЬУ,тЬУ,тЬУ,тЬУ,тЬУ,тЬУ,тЬУ,тЬУ,тЬУ,тЬУ,тЬУ
FM001580_analog_0068,CCOc1ccc(C(=O)O)c(OC(F)(F)F)c1,T4_RELAXED,52.189,0.264,52.473,0.2654,,2000,medium,medium,250.2,2.68,1,3,17,1,0,-3.56,0.605,-,тЬУ,тЬУ,тЬУ,тЬУ,тЬУ,тЬУ,тЬУ,тЬУ,тЬУ,тЬУ,тЬУ,тЬУ,тЬУ,тЬУ,тЬУ
FM001580_analog_0037,O=C(O)c1cc(Cl)ccc1OC(F)(F)F,T4_RELAXED,52.847,0.191,62.518,0.198,,125,low,low,240.6,2.94,1,2,15,1,0,-3.79,0.588,-,тЬУ,тЬУ,тЬУ,тЬУ,тЬУ,тЬУ,тЬУ,тЬУ,тЬУ,тЬУ,тЬУ,тЬУ,тЬУ,тЬУ,тЬУ
FM001580_analog_0039,COc1ccc(OC(F)(F)F)c(C(=O)O)c1,T4_RELAXED,58.423,0.336,60.014,0.3358,,540,low,medium,236.1,2.29,1,3,16,1,0,-3.29,0.65,-,тЬУ,тЬУ,тЬУ,тЬУ,тЬУ,тЬУ,тЬУ,тЬУ,тЬУ,тЬУ,тЬУ,тЬУ,тЬУ,тЬУ,тЬУ
FM001580_analog_0036,O=C(O)c1cc(F)ccc1OC(F)(F)F,T4_RELAXED,60.082,0.183,64.19,0.1805,,125,low,low,224.1,2.42,1,2,15,1,0,-3.36,0.656,-,тЬУ,тЬУ,тЬУ,тЬУ,тЬУ,тЬУ,тЬУ,тЬУ,тЬУ,тЬУ,тЬУ,тЬУ,тЬУ,тЬУ,тЬУ
FM001580_analog_0067,COc1ccc(C(=O)O)c(OC(F)(F)F)c1,T4_RELAXED,65.069,0.306,65.295,0.306,,125,low,low,236.1,2.29,1,3,16,1,0,-3.29,0.784,-,тЬУ,тЬУ,тЬУ,тЬУ,тЬУ,тЬУ,тЬУ,тЬУ,тЬУ,тЬУ,тЬУ,тЬУ,тЬУ,тЬУ,тЬУ
FM001580_analog_0008,O=C(O)c1c(Cl)cccc1OC(F)(F)F,T4_RELAXED,79.856,0.213,67.324,0.2117,,125,low,low,240.6,2.94,1,2,15,1,0,-3.79,0.543,-,тЬУ,тЬУ,тЬУ,тЬУ,тЬУ,тЬУ,тЬУ,тЬУ,тЬУ,тЬУ,тЬУ,тЬУ,тЬУ,тЬУ,тЬУ
FM001580_analog_0074,Cc1ccc(C(=O)O)c(OC(F)(F)F)c1,T4_RELAXED,71.058,0.303,73.311,0.2861,,540,low,low,220.1,2.59,1,2,15,1,0,-3.45,0.794,-,тЬУ,тЬУ,тЬУ,тЬУ,тЬУ,тЬУ,тЬУ,тЬУ,тЬУ,тЬУ,тЬУ,тЬУ,тЬУ,тЬУ,тЬУ
FM001580_analog_0093,O=C(O)c1cccc(Cl)c1OC(F)(F)F,T4_RELAXED,71.173,0.175,73.947,0.1789,,540,low,medium,240.6,2.94,1,2,15,1,0,-3.79,0.543,-,тЬУ,тЬУ,тЬУ,тЬУ,тЬУ,тЬУ,тЬУ,тЬУ,тЬУ,тЬУ,тЬУ,тЬУ,тЬУ,тЬУ,тЬУ
FM001580_analog_0092,O=C(O)c1cccc(F)c1OC(F)(F)F,T4_RELAXED,73.141,0.189,72.842,0.1885,,1000,low,medium,224.1,2.42,1,2,15,1,0,-3.36,0.559,-,тЬУ,тЬУ,тЬУ,тЬУ,тЬУ,тЬУ,тЬУ,тЬУ,тЬУ,тЬУ,тЬУ,тЬУ,тЬУ,тЬУ,тЬУ
FM001580_analog_0018,Nc1cccc(OC(F)(F)F)c1C(=O)O,T4_RELAXED,73.469,0.319,77.202,0.3276,,295,low,low,221.1,1.87,2,3,15,1,0,-2.99,0.543,-,тЬУ,тЬУ,тЬУ,тЬУ,тЬУ,тЬУ,тЬУ,тЬУ,тЬУ,тЬУ,тЬУ,тЬУ,тЬУ,тЬУ,тЬУ
FM001580_analog_0046,Cc1ccc(OC(F)(F)F)c(C(=O)O)c1,T4_RELAXED,75.734,0.272,75.065,0.2707,,1000,low,medium,220.1,2.59,1,2,15,1,0,-3.45,0.649,-,тЬУ,тЬУ,тЬУ,тЬУ,тЬУ,тЬУ,тЬУ,тЬУ,тЬУ,тЬУ,тЬУ,тЬУ,тЬУ,тЬУ,тЬУ
FM001580_analog_0078,O=C(O)c1ccc(OCCO)cc1OC(F)(F)F,T4_RELAXED,79.788,0.285,77.378,0.2783,,1000,low,medium,266.2,1.65,2,4,18,1,0,-2.94,0.591,-,тЬУ,тЬУ,тЬУ,тЬУ,тЬУ,тЬУ,тЬУ,тЬУ,тЬУ,тЬУ,тЬУ,тЬУ,тЬУ,тЬУ,тЬУ
FM001580_analog_0096,CCOc1cccc(C(=O)O)c1OC(F)(F)F,T4_RELAXED,82.088,0.246,100.607,0.2299,,3000,high,high,250.2,2.68,1,3,17,1,0,-3.56,0.553,-,тЬУ,тЬУ,тЬУ,тЬУ,тЬУ,тЬУ,тЬУ,тЬУ,тЬУ,тЬУ,тЬУ,тЬУ,тЬУ,тЬУ,тЬУ
FM001580_analog_0010,COc1cccc(OC(F)(F)F)c1C(=O)O,T4_RELAXED,97.505,0.25,88.432,0.252,,540,low,low,236.1,2.29,1,3,16,1,0,-3.29,0.559,-,тЬУ,тЬУ,тЬУ,тЬУ,тЬУ,тЬУ,тЬУ,тЬУ,тЬУ,тЬУ,тЬУ,тЬУ,тЬУ,тЬУ,тЬУ
FM002150_analog_0001,O=C(O)COCc1ccncc1,T4_RELAXED,89.597,0.271,90.858,0.274,,295,low,medium,167.2,0.68,1,3,12,1,0,-1.78,0.679,-,тЬУ,тЬУ,тЬУ,тЬУ,тЬУ,тЬУ,тЬУ,тЬУ,тЬУ,тЬУ,тЬУ,тЬУ,тЬУ,тЬУ,тЬУ
FM001580_analog_0050,O=C(O)c1cc(OCCO)ccc1OC(F)(F)F,T4_RELAXED,92.359,0.284,90.812,0.287,,125,low,low,266.2,1.65,2,4,18,1,0,-2.94,0.533,-,тЬУ,тЬУ,тЬУ,тЬУ,тЬУ,тЬУ,тЬУ,тЬУ,тЬУ,тЬУ,тЬУ,тЬУ,тЬУ,тЬУ,тЬУ
FM001580_analog_0029,O=C(O)c1c(OC(F)(F)F)cccc1-c1ccccn1,T4_RELAXED,91.848,0.417,93.118,0.4179,,295,low,low,283.2,3.35,1,3,20,2,0,-4.99,0.476,-,тЬУ,тЬУ,тЬУ,тЬУ,тЬУ,тЬУ,тЬУ,тЬУ,тЬУ,тЬУ,тЬУ,тЬУ,тЬУ,тЬУ,тЬУ
FM001580_analog_0113,O=C(O)c1cccc(-c2ccncc2)c1OC(F)(F)F,T4_RELAXED,92.391,0.313,94.112,0.3139,,250,medium,low,283.2,3.35,1,3,20,2,0,-4.99,0.533,-,тЬУ,тЬУ,тЬУ,тЬУ,тЬУ,тЬУ,тЬУ,тЬУ,тЬУ,тЬУ,тЬУ,тЬУ,тЬУ,тЬУ,тЬУ
FM002150_analog_0002,O=C(O)COCc1cccnc1,T4_RELAXED,100.464,0.247,100.355,0.2396,,125,low,medium,167.2,0.68,1,3,12,1,0,-1.78,0.645,-,тЬУ,тЬУ,тЬУ,тЬУ,тЬУ,тЬУ,тЬУ,тЬУ,тЬУ,тЬУ,тЬУ,тЬУ,тЬУ,тЬУ,тЬУ
FM001580_analog_0106,O=C(O)c1cccc(OCCO)c1OC(F)(F)F,T4_RELAXED,102.031,0.333,104.084,0.3364,,3000,high,medium,266.2,1.65,2,4,18,1,0,-2.94,0.538,-,тЬУ,тЬУ,тЬУ,тЬУ,тЬУ,тЬУ,тЬУ,тЬУ,тЬУ,тЬУ,тЬУ,тЬУ,тЬУ,тЬУ,тЬУ
FM001580_analog_0112,CN(C)c1cccc(C(=O)O)c1OC(F)(F)F,T4_RELAXED,103.361,0.3,113.121,0.2841,,885,high,medium,249.2,2.35,1,3,17,1,0,-3.41,0.514,-,тЬУ,тЬУ,тЬУ,тЬУ,тЬУ,тЬУ,тЬУ,тЬУ,тЬУ,тЬУ,тЬУ,тЬУ,тЬУ,тЬУ,тЬУ
FM001580_analog_0114,O=C(O)c1cccc(-c2ccccn2)c1OC(F)(F)F,T4_RELAXED,108.76,0.361,107.791,0.357,,1080,medium,medium,283.2,3.35,1,3,20,2,0,-4.99,0.479,-,тЬУ,тЬУ,тЬУ,тЬУ,тЬУ,тЬУ,тЬУ,тЬУ,тЬУ,тЬУ,тЬУ,тЬУ,тЬУ,тЬУ,тЬУ
FM001580_analog_0021,O=C(O)c1c(OCCO)cccc1OC(F)(F)F,T4_RELAXED,111.857,0.333,111.047,0.3362,,1620,high,low,266.2,1.65,2,4,18,1,0,-2.94,0.487,-,тЬУ,тЬУ,тЬУ,тЬУ,тЬУ,тЬУ,тЬУ,тЬУ,тЬУ,тЬУ,тЬУ,тЬУ,тЬУ,тЬУ,тЬУ
FM001580_analog_0017,Cc1cccc(OC(F)(F)F)c1C(=O)O,T4_RELAXED,117.942,0.226,112.252,0.2255,,540,low,low,220.1,2.59,1,2,15,1,0,-3.45,0.548,-,тЬУ,тЬУ,тЬУ,тЬУ,тЬУ,тЬУ,тЬУ,тЬУ,тЬУ,тЬУ,тЬУ,тЬУ,тЬУ,тЬУ,тЬУ
FM001580_analog_0040,CCOc1ccc(OC(F)(F)F)c(C(=O)O)c1,T4_RELAXED,115.897,0.322,114.918,0.3212,,250,medium,low,250.2,2.68,1,3,17,1,0,-3.56,0.533,-,тЬУ,тЬУ,тЬУ,тЬУ,тЬУ,тЬУ,тЬУ,тЬУ,тЬУ,тЬУ,тЬУ,тЬУ,тЬУ,тЬУ,тЬУ
FM001580_analog_0027,CN(C)c1cccc(OC(F)(F)F)c1C(=O)O,T4_RELAXED,156.752,0.295,121.674,0.3092,,885,high,medium,249.2,2.35,1,3,17,1,0,-3.41,0.5,-,тЬУ,тЬУ,тЬУ,тЬУ,тЬУ,тЬУ,тЬУ,тЬУ,тЬУ,тЬУ,тЬУ,тЬУ,тЬУ,тЬУ,тЬУ
FM001580_analog_0011,CCOc1cccc(OC(F)(F)F)c1C(=O)O,T4_RELAXED,127.077,0.294,130.538,0.2947,,885,high,low,250.2,2.68,1,3,17,1,0,-3.56,0.5,-,тЬУ,тЬУ,тЬУ,тЬУ,тЬУ,тЬУ,тЬУ,тЬУ,тЬУ,тЬУ,тЬУ,тЬУ,тЬУ,тЬУ,тЬУ
FM001580_analog_0001,CN(C)C(=O)c1ccccc1OC(F)(F)F,T4_RELAXED,153.589,0.135,176.93,0.1349,,375,high,medium,233.2,2.29,0,2,16,1,0,-3.33,0.636,-,тЬУ,тЬУ,тЬУ,тЬУ,тЬУ,тЬУ,тЬУ,тЬУ,тЬУ,тЬУ,тЬУ,тЬУ,тЬУ,тЬУ,тЬУ
